StockCode,revenue_from_high_value_customers,quantitysold_to_high_value_customer
10002,289.84999999999997,341
10080,44.599999999999994,112
10120,18.06,86
10124A,3.36,8
10124G,3.36,8
10125,286.7,398
10133,473.97,892
10135,729.64,821
11001,1150.25,777
15030,3.19,11
15034,448.70000000000005,4045
15036,8749.19,11869
15039,642.6999999999999,982
15044A,658.2800000000001,228
15044B,401.85,143
15044C,419.55,149
15044D,883.99,325
15056BL,10805.27,2007
15056N,14119.01,2660
15056P,2184.56,401
15058A,583.95,81
15058B,556.2,76
15058C,561.7,126
15060B,747.87,215
16008,122.41,1099
16010,2.88,24
16011,230.37,1097
16012,99.33,473
16014,2636.44,8182
16015,143.78,364
16016,387.95,487
16020C,5.1,6
16033,86.39999999999999,720
16043,8.879999999999999,74
16045,116.0,2700
16046,21.25,25
16048,86.39999999999999,720
16049,49.68,324
16052,65.92999999999999,347
16054,57.720000000000006,476
16151A,58.75,47
16156L,73.5,175
16156S,1533.0,3900
16161G,22.5,225
16161M,10.5,25
16161P,1449.0,3450
16161U,1152.0,2800
16162L,5.2,8
16162M,7.14,17
16168M,61.74,147
16169E,765.42,1851
16169K,42.0,100
16169M,94.5,225
16169P,10.5,25
16202A,2.0,4
16202B,14.5,29
16202E,6.0,12
16207A,38.35000000000001,13
16207B,2.46,1
16216,145.58,2165
16218,136.4,2105
16219,204.42,1367
16225,194.03,153
16235,234.9,1280
16236,130.06,646
16237,551.13,3003
16238,110.11,521
16244B,2.0,4
16248B,6.25,5
16254,5.81,5
16258A,55.37,145
16259,109.72,1196
17003,3849.8,15154
17007B,25.200000000000003,12
17011F,44.45,55
17012A,130.04999999999998,141
17012B,265.2,276
17012C,151.29999999999998,134
17012D,143.64999999999998,145
17012E,12.75,5
17012F,141.95,163
17013D,165.51,315
17021,498.24,1944
17038,84.8,968
17084A,10.5,50
17084J,5.25,25
17084N,92.0,450
17084P,15.75,75
17084R,212.39999999999998,1080
17090A,7.5,6
17090D,18.75,15
17091A,69.9,129
17091J,487.08,1236
17096,80.37,401
17107D,206.54999999999998,81
17109D,28.21,57
17129F,219.67,325
17136A,7.02,78
17164B,5.88,14
17165D,10.5,10
17174,1.68,4
18007,4.680000000000001,26
18094C,51.849999999999994,53
18097C,253.34999999999997,105
18098C,276.55,97
20615,98.04,83
20616,76.73,78
20617,91.54,44
20618,121.08000000000001,60
20619,136.93,109
20622,158.28,124
20652,38.51,25
20653,4.92,2
20654,64.19,55
20655,81.61,67
20657,35.14,28
20658,186.25,149
20659,110.81,71
20661,32.12,8
20662,23.27,5
20663,11.690000000000001,3
20664,8.850000000000001,3
20665,269.55,93
20666,2.95,1
20668,912.72,8390
20669,157.5,126
20670,17.48,4
20671,10.0,8
20674,931.5600000000001,799
20675,1690.8000000000002,1483
20676,3132.7400000000002,2755
20677,2127.23,1892
20679,5504.22,1023
20681,130.0,40
20682,1419.66,460
20684,68.25,21
20685,18434.25,2953
20686,507.13,155
20694,71.25,19
20695,8.5,2
20696,41.25,11
20697,40.8,16
20698,35.699999999999996,14
20699,5.1,2
20700,3.75,1
20702,212.5,50
20703,4.25,1
20704,228.9,102
20705,211.6,88
20707,133.02,105
20711,6100.54,3377
20712,8931.26,4743
20713,15538.69,8585
20716,237.25,205
20717,1065.63,863
20718,2531.81,2106
20719,2692.19,3384
20723,3124.05,3813
20724,4697.05,5841
20725,17237.6,10848
20726,7297.01,4521
20727,11583.3,7266
20728,9688.98,6022
20731,60.0,48
20733,583.5,794
20735,111.1,146
20748,255.0,20
20749,7158.259999999999,1054
20750,3499.85,499
20751,865.08,426
20752,367.5,175
20754,1312.38,639
20755,77.35,91
20756,11.899999999999999,14
20757,81.53,95
20758,59.5,70
20759,29.749999999999996,35
20760,17.849999999999998,21
20761,138.67,35
20762,179.96,47
20763,111.21000000000001,50
20764,176.13,44
20765,187.34,46
20766,129.58,35
20767,122.11999999999999,46
20768,86.56,33
20769,94.07,35
20770,56.099999999999994,22
20771,96.75999999999999,37
20772,137.56,53
20773,51.15,31
20774,41.25,25
20775,31.349999999999998,19
20777,41.25,25
20778,16.5,10
20780,93.14,16
20781,71.37,13
20782,117.05,21
20785,443.40000000000003,12
20794,111.14999999999999,45
20795,37.800000000000004,18
20796,57.74999999999999,35
20798,46.2,22
20801,477.78000000000003,606
20802,374.7,370
20803,250.05,619
20818,12.5,10
20819,44.96,11
20820,9.9,2
20821,4.95,1
20823,97.96000000000001,124
20826,101.64,234
20827,34.32,88
20828,1114.65,471
20829,1774.49,905
20830,115.50000000000001,55
20831,105.06,65
20832,363.61,681
20835,49.8,60
20836,69.72,84
20837,49.8,60
20838,157.14,182
20839,123.84,128
20840,188.48,216
20845,63.5,10
20846,499.22,418
20847,78.75,21
20848,32.45,11
20851,29.75,5
20854,168.64999999999998,113
20856,118.8,72
20857,11.549999999999999,7
20861,2.1,1
20866,126.39,101
20867,97.72,80
20868,25.400000000000002,51
20869,16.380000000000003,42
20878,18.75,15
20886,590.1,318
20893,259.95,121
20894,29.5,10
20897,5.9,2
20898,17.7,6
20901,12.7,2
20902,6.35,1
20903,57.15,9
20906,8.850000000000001,3
20910,38.099999999999994,6
20914,9609.980000000001,3410
20931,396.15000000000003,133
20932,325.75,121
20933,44.25,15
20934,103.55000000000001,19
20935,2.95,1
20936,141.93,47
20941,26.25,21
20956,524.88,417
20961,629.36,488
20963,775.49,602
20964,5.1,2
20966,487.0,420
20967,457.5,122
20969,5315.34,1493
20970,2242.97,603
20971,9094.78,8128
20972,5371.6,4442
20973,971.7500000000001,1459
20974,2673.15,4331
20975,2099.2000000000003,3320
20977,597.5,478
20978,988.75,791
20979,1343.75,1075
20980,11.25,9
20981,513.4,604
20982,684.81,813
20983,826.76,980
20984,390.87999999999994,1232
20985,879.63,792
20986,423.01,363
20992,1097.31,2573
20996,269.55,1162
20997,29.700000000000003,6
20998,115.05000000000001,39
21000,63.75,15
21001,23.8,4
21003,31.75,5
21011,23.2,16
21012,391.98,189
21014,229.15999999999997,572
21015,180.42999999999998,599
21018,16.15,19
21025,76.0,59
21026,96.12,78
21027,54.95,47
21028,117.04,91
21030,72.42,56
21031,22.46,17
21032,37.38,27
21033,1374.42,660
21034,661.1999999999999,696
21035,3574.81,1217
21038,49.46000000000001,38
21039,626.76,252
21040,22.05,19
21041,952.8500000000001,323
21042,916.3000000000001,154
21043,496.7,226
21051,54.53,25
21054,161.1,18
21055,517.89,51
21056,758.3299999999999,71
21058,241.26,282
21059,242.25,285
21060,175.95,207
21061,157.25,185
21062,187.85,221
21063,216.60999999999999,253
21064,56.050000000000004,11
21065,570.75,419
21066,565.12,614
21067,189.38,155
21068,1206.98,1174
21069,1981.5500000000002,1814
21070,773.73,785
21071,657.82,549
21078,1033.04,1286
21080,5284.68,6898
21084,194.16000000000003,874
21086,1870.8300000000002,3219
21087,18.380000000000003,58
21088,138.45000000000002,661
21089,18.970000000000002,95
21090,294.65,655
21094,2736.06,3884
21095,25.5,30
21096,222.39,541
21098,3088.8,2703
21100,51.150000000000006,31
21106,175.5,66
21107,1648.0,640
21108,15001.170000000002,8239
21109,1514.1,614
21110,1310.25,475
21111,746.4,488
21112,1565.33,759
21114,619.03,483
21115,1293.96,272
21116,1208.24,256
21117,15.0,12
21121,2969.31,2463
21122,2308.9900000000002,1890
21123,540.81,435
21124,1556.25,1245
21125,152.5,122
21126,130.44,108
21128,68.06,9
21129,221.1,29
21131,260.5,86
21132,49.25,13
21135,1447.48,1804
21136,3513.13,2097
21137,32198.870000000003,9430
21143,323.7,166
21145,12.5,10
21147,158.94,69
21154,2078.88,1788
21155,4009.85,1680
21156,2846.02,1556
21157,86.10000000000001,41
21158,496.31,1047
21159,385.74,826
21161,107.3,74
21162,417.34,888
21163,388.0,772
21164,1999.6700000000003,689
21165,4205.04,2616
21166,15352.720000000001,7681
21167,114.87,547
21169,3337.02,2070
21171,219.49999999999997,158
21172,3291.62,2358
21174,6467.16,3007
21175,21857.82,10277
21179,615.16,1090
21181,18655.120000000003,9365
21187,269.25,169
21188,400.45000000000005,139
21189,141.89999999999998,86
21190,240.25,165
21191,207.9,99
21192,1086.3,734
21194,101.55000000000001,125
21195,98.4,80
21196,46.199999999999996,28
21197,59.75999999999999,72
21198,391.19999999999993,416
21199,359.28,504
21200,1055.1,878
21201,2164.8,976
21202,123.45,133
21204,334.94999999999993,203
21205,265.2,104
21206,844.8,704
21207,541.05,357
21208,87.99,203
21209,185.57999999999998,418
21210,3348.22,2389
21211,330.25,241
21212,8301.65,17413
21213,4405.95,9525
21215,252.25000000000003,487
21216,3316.17,719
21217,4117.299999999999,434
21218,2199.95,619
21219,128.59,99
21220,152.06,111
21221,84.64,59
21222,82.18,58
21224,394.95,319
21228,5.0,4
21231,4269.12,3595
21232,6977.55,5983
21238,1391.36,1762
21239,999.4499999999999,1263
21240,1343.33,1737
21242,2245.14,1458
21243,1619.6699999999998,1047
21244,1607.84,1040
21245,789.31,507
21246,277.20000000000005,56
21248,142.1,98
21249,188.8,64
21250,38.35,13
21251,141.60000000000002,48
21253,89.29,31
21257,2447.4900000000002,327
21258,3228.48,268
21259,4535.06,789
21260,2065.1,656
21261,281.70000000000005,86
21262,315.65000000000003,107
21263,163.79999999999998,84
21264,210.6,108
21265,120.89999999999999,62
21269,68.0,8
21270,38.25,3
21272,532.5699999999999,401
21275,118.65,7
21277,144.64999999999998,7
21278,56.099999999999994,22
21279,66.3,26
21280,84.14999999999999,33
21281,30.599999999999998,12
21284,157.01,237
21285,132.32,145
21286,156.7,170
21287,362.88,900
21288,301.6,112
21289,128.75,103
21291,493.0,580
21292,158.49,261
21293,167.93,79
21294,414.02,894
21306,64.42999999999999,166
21307,23.119999999999997,61
21311,95.74999999999999,274
21313,1331.99,1856
21314,5050.96,2534
21316,100.70000000000002,122
21317,189.2,36
21318,170.79,341
21319,94.25999999999999,118
21320,38.71,49
21324,53.1,18
21326,3262.0,5408
21327,443.84999999999997,269
21328,521.3499999999999,311
21329,460.29999999999995,274
21331,76.5,6
21332,62.85,7
21333,115.05000000000001,39
21336,5.9,2
21340,5623.61,524
21344,49.75,5
21348,67.1,26
21349,6.75,1
21351,350.1,54
21352,417.75000000000006,121
21354,605.95,527
21355,605.4,492
21356,185.65,162
21357,16.25,13
21358,210.0,168
21359,529.8,84
21360,65.4,12
21361,617.85,51
21363,668.25,135
21364,54.0,8
21365,126.35,145
21366,17.0,4
21367,115.86,112
21368,92.55,117
21369,48.75,39
21370,67.25,8
21371,108.9,114
21372,43.03,41
21373,115.5,154
21374,256.25,195
21375,33.5,10
21376,62.0,16
21377,38.64,28
21378,56.78999999999999,39
21379,49.84,44
21380,3677.1000000000004,1310
21381,735.15,435
21382,613.0,568
21383,243.75000000000003,375
21385,1317.22,1546
21386,101.97999999999999,238
21389,434.34999999999997,511
21390,2265.79,1827
21391,352.95,413
21392,6.24,16
21393,4.68,12
21394,848.7099999999999,2173
21395,641.55,1645
21397,218.16,480
21398,397.83,985
21399,528.48,1320
21400,43.26,288
21401,37.68,284
21402,60.36,498
21403,57.72,451
21407,527.25,130
21408,364.65999999999997,120
21411,1132.76,382
21413,18.75,15
21415,231.85000000000002,126
21416,7.5,2
21417,315.8,219
21418,54.16,24
21420,44.870000000000005,35
21421,226.39000000000001,203
21422,640.4,836
21424,280.2,108
21425,129.05,47
21426,192.3,103
21427,54.60000000000001,26
21428,2827.8,748
21429,1124.85,619
21430,6769.44,1984
21439,248.75,199
21441,84.89,179
21442,113.38,178
21445,250.0,200
21446,287.5,230
21447,612.5,490
21448,230.99999999999997,140
21452,622.45,211
21454,116.44999999999999,137
21455,68.0,80
21456,112.5,90
21457,110.0,88
21458,128.75,103
21459,95.55,49
21460,21.45,11
21461,5.85,3
21462,422.1,86
21463,2832.25,545
21464,830.0,196
21465,296.21,78
21466,453.74,126
21467,311.17,81
21468,269.92,70
21469,322.46,85
21470,554.88,145
21471,1012.6500000000001,311
21472,251.25,67
21473,219.45,11
21476,239.2,16
21479,7568.72,2040
21481,3993.69,1315
21484,3704.77,1011
21485,9562.880000000001,1996
21486,26.25,7
21488,11.850000000000001,3
21494,978.48,711
21495,1351.5,3275
21497,2203.0,5650
21498,2369.54,5787
21499,1497.5,3775
21500,1375.0,3450
21503,115.5,275
21504,394.56,960
21506,1265.76,3204
21507,684.0,1634
21508,523.99,1277
21509,608.83,1457
21518,65.94,157
21519,891.06,2173
21520,96.18,229
21523,14830.42,2504
21524,7218.87,1004
21527,2364.3,314
21528,811.15,117
21530,346.45000000000005,403
21531,1936.35,843
21533,2919.3,622
21534,854.4000000000001,176
21535,3753.15,1637
21537,421.75,103
21539,1960.0500000000002,407
21544,553.4499999999999,685
21547,59.00000000000001,20
21555,5.1,2
21556,1517.25,667
21557,736.0400000000001,260
21558,1847.1,772
21559,3426.4399999999996,1412
21561,1170.78,487
21562,218.55,187
21563,1308.65,795
21564,1026.91,665
21576,108.92,46
21577,378.0,168
21578,130.5,58
21579,114.75,51
21580,54.0,24
21581,87.75,39
21584,532.25,325
21586,1296.0,576
21587,279.3,118
21588,2361.3,1070
21591,737.64,612
21592,1034.46,1172
21609,368.75000000000006,125
21613,287.6,104
21614,26.550000000000004,9
21615,582.5,394
21616,230.0,136
21617,335.5,186
21618,192.5,132
21619,638.75,469
21620,496.25,333
21621,14186.66,1712
21622,864.3000000000001,178
21623,20878.33,3071
21624,542.25,95
21625,1181.0900000000001,169
21626,836.55,429
21627,358.79999999999995,24
21628,470.9,34
21629,260.3,34
21630,222.7,26
21631,428.40000000000003,104
21632,237.00000000000003,60
21633,311.70000000000005,70
21634,271.56,564
21635,291.25,231
21636,306.75,409
21637,22.5,18
21638,237.3,113
21640,176.79999999999998,208
21641,99.02,302
21642,293.10999999999996,891
21643,374.26,314
21644,117.5,94
21647,159.60000000000002,76
21648,437.94,354
21650,134.25,663
21651,115.94999999999999,79
21654,208.19,455
21656,30.449999999999996,21
21657,111.2,16
21658,2045.39,553
21661,11.9,2
21662,350.85,63
21664,200.22,58
21666,120.9,186
21667,29.9,2
21668,3522.38,2842
21669,4281.72,3408
21670,3452.37,2797
21671,3125.63,2579
21672,3390.15,2795
21673,3545.85,2929
21675,213.20999999999998,249
21676,94.14999999999999,97
21677,359.2,418
21678,31.449999999999996,37
21679,419.46999999999997,499
21680,128.35,151
21682,341.61,68
21683,404.15000000000003,137
21684,67.06,77
21686,948.75,25
21688,531.0000000000001,180
21689,75.0,20
21690,3.75,1
21692,7.5,2
21693,177.00000000000003,60
21694,47.2,16
21695,247.80000000000004,84
21696,200.60000000000002,68
21698,64.23,147
21700,251.6,296
21703,2654.11,7394
21704,3107.5299999999997,4123
21705,672.7199999999999,796
21706,436.63,88
21707,249.77,49
21708,484.45000000000005,99
21709,152.86,31
21710,135.21,28
21711,306.25,63
21713,618.6,306
21714,652.5,522
21715,907.05,367
21716,1208.57,489
21717,221.85,87
21718,811.17,647
21719,80.75,95
21720,34.0,40
21721,76.5,90
21722,38.25,45
21723,189.55,223
21724,194.64999999999998,229
21725,88.39999999999999,104
21726,101.14999999999999,119
21730,1539.79,337
21731,7853.3099999999995,5167
21733,17127.84,5804
21735,1534.9499999999998,126
21736,75.60000000000001,36
21738,85.55000000000001,29
21739,175.54000000000002,61
21741,238.95000000000002,81
21742,285.6,48
21743,458.65,175
21744,564.6400000000001,176
21745,2423.33,663
21746,1745.4,1480
21747,241.25,193
21749,2895.6000000000004,1526
21750,37.800000000000004,18
21754,10258.460000000001,1756
21755,7168.06,1216
21756,2740.88,457
21757,9.9,2
21758,176.60000000000002,28
21761,89.85,3
21763,59.9,2
21769,527.7,10
21770,4358.91,950
21773,421.87,623
21774,391.71000000000004,567
21775,142.66,146
21777,55.65,7
21781,1222.8,84
21784,348.25,35
21785,3.4,4
21786,315.55,769
21787,5009.78,6218
21788,457.43,605
21789,267.13,319
21790,6399.08,8342
21791,4199.25,3535
21792,805.5,194
21793,713.04,172
21794,1269.47,321
21801,134.4,320
21802,215.88,514
21803,241.92,576
21804,251.7,70
21807,89.46,213
21808,131.25,35
21809,501.71,772
21810,994.73,1889
21811,1234.69,2301
21812,641.1,138
21813,736.6500000000001,159
21814,52.199999999999996,36
21815,97.14999999999999,67
21816,5.8,4
21817,173.59,359
21818,651.83,1385
21819,583.9300000000001,1343
21820,487.34,133
21821,476.7,130
21822,277.07,247
21823,335.89,459
21824,220.05999999999997,374
21826,68.75,55
21827,6.25,5
21828,172.5,138
21829,589.68,2861
21830,670.27,1591
21832,648.3799999999999,386
21833,1882.28,1172
21836,7.5,2
21839,5.45,1
21841,187.0,44
21843,8681.8,948
21844,3258.25,1207
21845,1117.8300000000002,1209
21846,261.67,51
21847,19.8,4
21849,127.09,25
21850,84.15,17
21851,69.42,12
21864,785.0400000000001,416
21865,284.88,138
21866,406.71,326
21867,190.02,149
21868,2035.98,1646
21870,1051.32,852
21871,5019.96,4419
21872,780.96,768
21873,1469.6,1312
21874,2835.9199999999996,2176
21875,1860.74,1678
21876,3263.86,2862
21877,4942.38,4002
21878,1362.6,1678
21879,173.12,640
21880,135.14000000000001,382
21881,117.22,534
21882,93.08000000000001,364
21883,136.25,327
21884,139.98000000000002,606
21888,2351.43,629
21889,3555.9500000000003,2850
21890,1794.21,615
21891,6786.78,5578
21892,1580.22,1209
21894,198.23,146
21896,1694.4,728
21897,1250.82,402
21898,1414.1799999999998,442
21899,782.44,1190
21900,1038.95,1559
21901,609.21,925
21902,529.5500000000001,813
21903,1443.18,675
21904,75.60000000000001,36
21905,451.71000000000004,426
21906,1740.46,258
21907,3024.2500000000005,1461
21908,4527.72,2307
21910,34.64999999999999,21
21911,148.49999999999997,90
21912,3053.33,899
21913,632.53,169
21914,4434.43,3494
21915,16107.43,14461
21916,1402.36,3484
21917,980.88,2453
21918,1177.0,2908
21922,4025.04,540
21925,256.25,205
21926,331.15,271
21927,547.4,444
21928,14770.85,8036
21929,14336.92,7785
21930,8277.41,4363
21931,17078.56,9125
21932,2429.16,1371
21933,2161.06,1244
21934,1056.75,655
21935,1005.22,612
21936,6239.11,2269
21937,2431.75,865
21942,58.65,69
21943,11.899999999999999,14
21944,103.99,131
21945,94.74,112
21946,23.799999999999997,28
21947,353.03,265
21948,346.82,261
21949,357.04,300
21955,5296.26,984
21967,973.82,3498
21972,239.25,165
21973,123.24999999999999,85
21974,1340.06,911
21975,3666.83,7727
21976,628.88,1144
21977,7802.150000000001,16851
21980,968.65,3229
21981,661.01,2455
21982,1470.11,5383
21983,225.83999999999997,692
21984,400.10999999999996,1331
21985,1406.4699999999998,4965
21986,659.4699999999999,2527
21987,368.63,607
21988,618.06,822
21989,710.53,889
21990,841.25,549
21991,292.43,189
21992,706.19,469
21993,846.25,540
22021,318.45,193
22023,229.29,543
22024,423.13,1007
22025,272.88,660
22026,424.8,1032
22027,636.47,1513
22028,656.29,1571
22029,1379.8999999999999,3382
22030,1519.35,3885
22031,88.05,195
22032,55.44,132
22033,40.32,96
22035,355.9,866
22037,758.38,1814
22038,94.5,225
22039,42.0,100
22040,178.5,425
22041,6955.92,3158
22042,60.480000000000004,144
22043,124.68,540
22044,83.16,336
22045,1498.5,3625
22046,472.5,1125
22047,808.0,2000
22048,189.0,450
22049,123.0,375
22050,210.0,500
22051,157.5,375
22052,155.82,371
22053,3496.4199999999996,4156
22055,710.76,560
22057,360.49,317
22059,1227.41,1109
22060,573.95,121
22061,2501.53,415
22062,359.63,349
22063,552.14,290
22064,1324.7099999999998,1039
22065,1920.31,4367
22066,441.7,916
22067,215.85,169
22068,196.2,180
22069,98.82,66
22070,1025.02,591
22071,588.0,518
22072,1583.86,506
22073,415.41,115
22074,452.71999999999997,580
22075,1092.1699999999998,845
22076,711.54,594
22077,8110.039999999999,4624
22078,852.6,406
22079,1205.99,715
22080,656.7,398
22081,493.27,291
22082,1676.18,994
22083,7835.51,2821
22084,8667.9,3178
22085,667.1500000000001,237
22086,27997.98,10294
22087,7932.200000000001,2956
22088,3159.55,1149
22089,1911.2500000000002,675
22090,12041.54,4466
22091,621.69,1281
22092,141.77,299
22093,485.1,1118
22094,485.99,1110
22095,1268.28,1286
22096,372.39000000000004,931
22097,468.97,1079
22098,531.46,1251
22099,338.06,764
22100,149.87,349
22101,444.72,748
22102,591.3000000000001,1458
22103,595.29,1093
22104,85.27,127
22105,490.0,488
22106,381.35,253
22107,618.73,188
22108,162.78,70
22109,3366.57,927
22110,667.01,266
22111,12045.0,2546
22112,15560.84,3422
22113,7104.11,1872
22114,11035.67,2665
22115,985.5200000000001,880
22116,267.77,275
22117,3453.55,1129
22118,443.93,129
22119,738.56,152
22120,2958.52,309
22121,790.39,133
22123,273.48,146
22124,79.33,39
22125,23.8,4
22127,232.2,204
22128,512.94,414
22129,306.65999999999997,386
22130,581.4,684
22131,962.4699999999999,489
22132,244.51999999999998,284
22133,265.90999999999997,311
22134,151.44,390
22135,66.24,146
22136,226.04999999999998,137
22137,149.7,54
22138,12037.75,2513
22139,10014.730000000001,2061
22141,3249.5800000000004,1588
22142,2368.19,1659
22144,4248.3,2055
22147,6090.2,4540
22148,1968.1499999999999,1077
22149,8128.39,4210
22150,3050.75,1621
22151,3996.6299999999997,10107
22152,586.49,1382
22153,738.78,1807
22154,820.6800000000001,1954
22155,597.66,1423
22156,1028.86,1217
22157,136.0,160
22158,3981.36,1400
22161,385.74,1782
22162,147.5,50
22163,189.82000000000002,202
22164,29.500000000000004,10
22165,1110.2500000000002,227
22166,410.40000000000003,112
22167,403.25,55
22168,508.3,61
22169,6386.84,833
22170,4462.95,735
22171,8645.98,1275
22173,4062.55,1407
22174,3098.39,2107
22175,634.2500000000001,215
22176,386.45000000000005,131
22178,21034.64,16710
22179,3010.89,465
22180,1084.55,109
22181,109.64999999999999,129
22182,203.25,59
22183,322.20000000000005,52
22184,34.0,4
22185,1075.79,733
22186,807.84,360
22187,1428.1699999999998,671
22188,10912.23,4487
22189,19354.940000000002,7334
22190,562.5600000000001,429
22191,8588.400000000001,1066
22192,4254.7300000000005,505
22193,6258.29,753
22194,272.0,32
22195,1362.9699999999998,793
22196,996.2299999999999,1139
22197,30283.03,40479
22198,1088.3999999999999,696
22199,508.25,155
22200,632.04,176
22201,175.75,59
22202,60.0,16
22203,461.13,156
22204,150.0,54
22207,4127.86,1058
22208,500.90999999999997,564
22209,313.4,345
22210,291.88,325
22211,330.99999999999994,301
22212,1772.97,877
22214,88.6,52
22215,531.4,103
22216,135.24,240
22217,292.87,343
22219,1740.86,2060
22220,626.1,90
22221,286.65,39
22222,1147.8,388
22223,289.8,124
22224,1280.3500000000001,453
22227,790.0,1220
22228,282.97999999999996,380
22229,141.42,214
22230,110.96,288
22231,254.62,296
22232,142.95999999999998,192
22233,227.92,230
22236,989.55,81
22241,1556.53,1289
22242,246.45,161
22243,410.09999999999997,250
22244,371.09999999999997,194
22245,343.67999999999995,408
22246,252.92999999999998,123
22247,221.09,265
22248,149.69,181
22249,247.44,296
22250,168.39,203
22251,332.94,270
22252,292.35,243
22254,195.0,156
22255,134.29999999999998,158
22256,93.75,75
22257,97.97999999999999,174
22258,273.46,410
22259,141.89,241
22260,164.62,190
22261,171.20999999999998,195
22262,387.32,452
22263,33.72,36
22264,247.20999999999998,589
22265,226.20000000000002,348
22266,212.61,475
22267,331.16,338
22268,367.14,888
22269,245.61,305
22270,451.47,125
22271,2347.42,814
22272,179.95000000000002,61
22273,9133.939999999999,3542
22274,1822.5000000000002,626
22275,527.85,69
22276,204.0,80
22277,361.12,180
22278,371.25,75
22279,280.91,242
22280,83.63,64
22281,339.15000000000003,57
22282,636.42,48
22283,715.39,89
22284,684.7499999999999,415
22285,744.1499999999999,451
22286,461.48999999999995,563
22287,320.78999999999996,325
22288,261.25,209
22289,55.0,44
22291,1087.5,750
22292,716.3,494
22293,613.3499999999999,423
22294,3561.76,2864
22295,2194.9199999999996,1336
22296,2222.08,1352
22297,2564.47,2055
22299,536.1,594
22300,1843.74,978
22301,3083.4900000000002,1551
22302,2713.6,1369
22303,2792.65,1400
22304,854.96,582
22305,236.58999999999997,89
22306,683.65,590
22307,331.0,295
22308,126.94,46
22309,372.33,152
22310,350.39,215
22311,2034.65,739
22312,500.39000000000004,165
22313,996.5900000000001,387
22314,790.2400000000001,304
22315,497.27,427
22316,615.0500000000001,565
22317,137.57,47
22318,500.20000000000005,172
22319,141.12,336
22320,261.26000000000005,42
22321,309.4,364
22322,156.39999999999998,184
22323,1.95,1
22324,290.60999999999996,143
22325,215.70000000000002,44
22326,2810.9700000000003,963
22327,867.3000000000001,294
22328,4529.29,1619
22329,476.84999999999997,289
22331,518.36,316
22332,670.1999999999999,412
22333,3385.7799999999997,2242
22334,409.19,247
22335,425.1,666
22336,232.41000000000003,923
22337,97.5,150
22338,385.28000000000003,1630
22339,127.01,559
22340,118.71,233
22341,253.54999999999995,151
22342,326.54999999999995,335
22343,288.58,706
22344,156.03,513
22345,164.66,506
22346,136.15,439
22348,1605.11,1937
22349,4361.679999999999,1110
22350,3063.5699999999997,1151
22352,1785.04,728
22353,109.64999999999999,43
22354,992.17,277
22355,4097.95,5153
22356,3317.59,4093
22357,666.35,163
22358,562.48,192
22359,241.79000000000002,81
22360,1195.6000000000001,436
22361,620.95,217
22362,291.83000000000004,97
22363,305.94,106
22364,886.47,325
22365,3624.99,567
22366,2957.32,464
22367,2466.09,1303
22371,1809.73,423
22372,347.53,81
22374,831.79,199
22375,459.75,111
22376,314.94,74
22377,1007.69,721
22378,1083.06,865
22379,10430.13,5350
22380,1317.3700000000001,662
22381,5217.18,2675
22382,7712.75,4719
22383,10968.9,6810
22384,9431.05,5861
22385,11573.33,6280
22386,29363.72,16061
22389,400.41,235
22390,83.03,38
22391,94.35,53
22393,289.29999999999995,167
22394,114.32999999999998,87
22395,49.589999999999996,41
22396,210.35999999999999,406
22398,653.39,1132
22399,292.5,234
22400,388.79,734
22402,492.98,781
22403,355.68,748
22405,149.65,161
22406,148.4,140
22407,55.57,60
22408,60.89,56
22409,90.0,72
22410,109.77,124
22411,15742.4,8296
22412,1301.7000000000003,647
22413,7433.3,2594
22414,1180.47,187
22415,127.2,16
22416,158.04999999999998,109
22417,1257.14,2366
22418,1993.7399999999998,2352
22419,695.52,1482
22420,338.63,814
22421,442.21999999999997,1056
22422,200.36,483
22423,90049.0,7937
22424,4933.85,416
22425,956.46,199
22426,1263.0,388
22427,5918.63,1041
22428,889.33,129
22429,1942.04,456
22430,1134.5,234
22431,2495.2,1370
22432,1659.08,894
22433,1678.28,926
22434,559.88,286
22435,1540.89,1263
22436,679.1,1042
22437,730.95,863
22438,435.24,516
22439,585.3000000000001,858
22440,1854.3,4945
22441,1129.9,539
22442,510.3,122
22443,620.1,78
22444,487.5,390
22445,297.40000000000003,96
22446,160.19,57
22447,58.2,18
22448,212.91000000000003,71
22449,251.93,76
22450,234.5,70
22451,345.05,103
22452,448.75,169
22453,447.25,163
22454,479.7,174
22456,4252.900000000001,918
22457,14950.27,5277
22458,1305.1299999999999,487
22459,886.23,345
22460,1310.54,1059
22461,755.0,156
22464,2790.1699999999996,1915
22465,1648.4799999999998,1206
22466,2512.35,1513
22467,9482.0,4131
22468,1779.44,270
22469,20834.44,12187
22470,22483.9,7512
22471,450.88,156
22472,259.77000000000004,55
22473,634.74,210
22474,280.79,61
22475,885.9,202
22476,1726.42,718
22477,1319.35,923
22478,1451.85,1029
22479,1290.6,900
22480,273.75,219
22481,299.63,339
22482,160.0,128
22483,554.3800000000001,186
22485,3383.3999999999996,284
22486,203.29000000000002,37
22487,3079.7599999999998,333
22488,2285.9599999999996,1428
22489,1040.85,2420
22491,1198.1,1460
22492,5206.04,8612
22493,2382.6299999999997,1531
22494,419.12,314
22495,166.51000000000002,85
22496,191.32000000000002,100
22497,361.25,85
22498,803.25,135
22499,6442.93,1132
22500,375.55,111
22501,8487.6,959
22502,43838.85,834
22503,360.95,21
22504,545.6,32
22505,1813.8400000000001,376
22507,9530.62,2186
22508,4520.71,1138
22509,822.8,84
22510,194.35,117
22511,216.13,139
22512,121.26,56
22513,180.95,49
22514,201.60000000000002,96
22515,193.20000000000002,92
22516,113.4,54
22517,130.20000000000002,62
22518,339.00000000000006,170
22519,383.1,191
22520,288.15,339
22521,213.35,251
22522,272.84999999999997,321
22523,298.34999999999997,351
22524,265.0,212
22525,233.75,187
22526,654.15,53
22529,103.14,249
22530,493.2,1224
22531,444.36,1058
22532,255.48000000000002,814
22533,287.7,901
22534,503.88,1234
22535,395.82,1155
22536,929.28,2608
22537,382.62,911
22538,54.900000000000006,157
22539,131.27,367
22540,124.32000000000001,321
22541,30.38,73
22543,55.15,187
22544,202.62,578
22545,89.93,242
22546,104.63,274
22547,109.12,277
22548,1121.94,1063
22549,1459.29,977
22550,2546.96,765
22551,2909.3999999999996,1760
22553,2422.7999999999997,1480
22554,2176.33,1317
22555,3631.6399999999994,2200
22556,2008.0099999999998,1213
22557,2410.3399999999997,1430
22558,6473.719999999999,4300
22559,173.14000000000001,140
22560,5154.93,4448
22561,4598.07,2887
22562,757.85,617
22563,2134.46,1867
22564,2489.19,2260
22565,337.60999999999996,377
22566,372.03,423
22567,1662.49,1305
22568,8626.6,2425
22569,7506.4,2118
22570,8448.5,2409
22571,866.38,1078
22572,447.37,541
22573,861.9399999999999,970
22574,1116.74,1256
22575,614.0999999999999,342
22576,572.63,659
22577,1730.9699999999998,4669
22578,1448.0299999999997,4315
22579,716.27,2011
22580,2705.5800000000004,478
22581,313.33,519
22582,643.96,277
22583,502.34999999999997,197
22584,2618.69,1087
22585,3456.2200000000003,2954
22586,325.54999999999995,383
22587,296.65,349
22588,877.82,302
22589,521.27,173
22591,868.74,256
22592,790.75,207
22593,801.9899999999999,927
22594,670.88,770
22595,1904.62,2260
22596,1720.22,1618
22597,488.76,1250
22598,148.47,417
22599,315.9,950
22600,551.29,655
22601,498.96999999999997,565
22602,800.8199999999999,966
22603,352.05,405
22604,1573.21,712
22605,5469.58,413
22606,2177.7,158
22607,7134.24,795
22608,567.36,2880
22609,599.6,2648
22610,1460.8799999999999,5148
22611,724.8000000000001,160
22613,189.48,222
22614,386.04999999999995,1171
22615,106.18999999999998,345
22616,6153.3099999999995,21945
22617,4373.34,916
22618,422.65999999999997,46
22619,3930.25,1014
22620,1936.43,1514
22621,4567.12,2884
22622,7837.959999999999,801
22623,1976.17,348
22624,7815.780000000001,938
22625,5728.13,716
22626,1483.73,176
22627,2698.29,321
22628,945.45,191
22629,8540.64,4670
22630,6077.44,3224
22631,1346.03,699
22632,5313.72,2700
22633,5972.460000000001,3005
22634,2310.2,252
22635,2734.6,305
22636,1548.7,185
22637,3662.87,1501
22638,167.79999999999998,133
22639,514.18,234
22640,171.06,94
22641,71.39999999999999,28
22642,197.58,84
22643,146.92999999999998,59
22644,956.62,932
22645,1210.92,942
22646,2949.82,2480
22647,220.89,411
22649,1417.25,289
22650,489.2,344
22651,728.9599999999999,920
22652,4410.21,2793
22653,996.51,515
22654,2858.82,494
22655,5230.0,37
22656,1875.0,15
22659,16071.22,9342
22660,1376.58,224
22661,1717.6399999999999,2122
22662,4395.19,2675
22663,4100.32,2093
22664,906.18,500
22665,2167.61,783
22666,13331.970000000001,4727
22667,4074.1000000000004,1438
22668,2654.5099999999998,957
22669,991.2,336
22670,1287.74,1029
22671,832.1599999999999,512
22672,1180.32,724
22673,579.33,467
22674,625.18,501
22675,746.62,605
22676,952.39,759
22677,793.76,635
22678,662.43,528
22679,588.07,469
22680,656.22,524
22681,595.57,475
22682,555.61,444
22683,499.32,398
22684,386.9,310
22685,449.4,360
22686,803.45,704
22687,2606.35,517
22688,3083.99,651
22689,2995.39,439
22690,7213.69,1283
22691,1711.99,273
22692,5997.53,923
22693,12303.51,11907
22694,1734.9,849
22695,247.55999999999997,204
22696,472.30999999999995,251
22697,10914.74,3958
22698,9316.09,3387
22699,15354.25,5675
22700,2372.7799999999997,1088
22701,455.58,354
22702,2469.8999999999996,1249
22703,170.3,103
22704,876.5,2125
22705,367.5,875
22706,430.5,1025
22707,325.5,775
22708,672.0,1600
22709,208.5,525
22710,1233.5,3175
22711,630.0,1500
22712,676.65,1595
22713,927.8199999999999,2394
22714,607.71,1536
22715,267.84,648
22716,522.33,1251
22717,341.76,824
22718,439.2,1056
22719,460.57000000000005,425
22720,18758.8,3920
22721,2512.42,572
22722,13220.6,3400
22723,2203.4900000000002,621
22725,4146.51,1119
22726,15880.9,4303
22727,19078.45,5376
22728,12652.34,3477
22729,6064.38,1667
22730,7700.36,2029
22731,829.97,633
22732,1175.38,918
22733,966.06,738
22734,3566.05,1241
22735,458.58,266
22736,945.26,554
22737,1055.69,609
22738,2088.43,1307
22739,1319.34,734
22740,2904.85,3601
22741,3856.5899999999997,4617
22742,696.6600000000001,414
22743,1011.3700000000001,463
22744,749.21,387
22745,1624.7500000000002,776
22746,1379.1200000000001,660
22747,825.0,400
22748,1912.3100000000002,911
22749,3816.7,1040
22750,3322.35,895
22751,1835.06,490
22752,8598.19,1129
22753,336.83,482
22754,675.36,1070
22755,587.28,835
22756,272.56,274
22757,408.27,404
22758,437.5,534
22759,4361.4,2760
22760,2223.8999999999996,186
22761,359.25,15
22762,661.3,46
22763,927.8499999999999,95
22764,24.95,1
22765,242.42000000000002,24
22766,5839.13,1991
22767,4498.38,514
22768,5139.44,585
22770,700.0,48
22771,4478.4,3768
22772,3035.47,2632
22773,1555.02,1302
22774,1741.02,1542
22775,2234.87,1866
22776,5568.099999999999,594
22777,1634.5500000000002,208
22778,1967.19,557
22779,4054.1,1106
22780,3803.09,1037
22781,2604.14,360
22782,1936.35,153
22783,5428.02,424
22784,3071.32,656
22785,424.69,147
22786,199.29,43
22788,1286.3,160
22789,989.64,522
22791,3993.9,3569
22792,977.8,1210
22794,1371.3,174
22795,3572.7,546
22796,2889.95,304
22797,865.74,52
22798,3446.5600000000004,1216
22799,698.25,85
22800,1134.73,301
22801,1782.15,498
22802,399.59999999999997,28
22803,1017.8000000000001,28
22804,3907.36,1684
22805,1292.93,1069
22806,343.90000000000003,130
22807,730.19,267
22808,359.90000000000003,122
22809,2260.61,767
22810,1910.03,609
22811,1724.53,669
22812,1262.57,639
22813,2211.4799999999996,1214
22814,266.58,645
22815,439.8,1078
22816,502.91999999999996,1254
22817,515.4,1258
22818,497.16,1194
22819,459.36,1104
22820,130.83,201
22821,303.26000000000005,466
22822,1084.01,190
22823,800.0,7
22824,895.7,26
22825,178.8,24
22826,1810.0,14
22827,2895.0,19
22828,910.0,6
22829,1280.6999999999998,136
22830,2583.34,130
22831,737.5000000000001,250
22832,741.75,69
22833,2453.5799999999995,74
22834,4405.13,3431
22835,9418.83,2047
22837,3405.5,758
22838,2157.63,163
22839,2004.31,149
22840,2937.4300000000003,397
22841,1912.48,256
22842,1318.8500000000001,207
22843,1078.03,175
22844,4783.55,590
22845,2944.44,505
22846,5011.76,336
22847,6636.389999999999,437
22848,2514.0,168
22849,2612.0099999999998,175
22851,1001.89,1231
22852,806.67,189
22853,779.45,241
22854,2219.65,475
22855,1688.13,1449
22856,138.75,111
22857,220.14999999999998,259
22858,414.15,251
22859,524.6999999999999,318
22860,331.65,201
22861,75.89999999999999,46
22862,306.0,72
22863,606.2,212
22865,11775.730000000001,5956
22866,8276.160000000002,4192
22867,7864.030000000001,3947
22868,70.2,36
22869,91.64999999999999,47
22870,91.64999999999999,47
22871,66.3,34
22872,74.1,38
22873,54.6,28
22874,70.2,36
22875,56.55,29
22876,64.35,33
22877,70.2,36
22878,92.4,44
22879,49.839999999999996,52
22880,51.79,53
22881,67.39,61
22882,61.54,58
22883,65.44,60
22884,63.489999999999995,59
22885,65.44,60
22886,73.24,64
22887,49.839999999999996,52
22888,49.839999999999996,52
22889,135.18,133
22890,1900.62,196
22891,766.01,165
22892,1620.14,1318
22893,184.08,452
22894,1068.85,110
22895,1694.54,566
22896,2364.37,1000
22897,884.66,618
22898,1369.25,713
22899,1179.98,568
22900,8956.55,3253
22902,1487.08,812
22903,338.93,123
22904,3000.84,1044
22905,585.94,225
22906,1270.6499999999999,821
22907,1846.77,2223
22908,999.4699999999999,1217
22909,3189.2799999999997,3952
22910,16594.72,6144
22911,583.9900000000001,197
22912,792.09,183
22913,668.34,158
22914,886.1400000000001,202
22915,490.32,1324
22916,571.35,879
22917,585.0,900
22918,533.0,820
22919,586.95,903
22920,1397.4500000000003,2383
22921,489.45000000000005,753
22922,467.09999999999997,552
22923,372.29999999999995,438
22924,438.59999999999997,516
22925,1208.97,201
22926,2016.45,351
22927,963.9,162
22928,714.77,107
22929,187.95,3
22930,1670.27,701
22931,691.21,286
22932,908.7,404
22933,1206.6000000000001,492
22934,438.05000000000007,155
22935,844.0,284
22936,162.88,50
22937,1058.3899999999999,405
22938,2085.08,1142
22939,891.9300000000001,179
22940,3407.68,820
22941,8877.5,1187
22942,2586.1000000000004,374
22943,4827.4800000000005,1046
22944,260.31,641
22945,1020.7099999999999,1151
22946,3149.85,217
22947,2998.0,316
22948,683.06,746
22949,345.09999999999997,238
22950,3038.5,2218
22951,1294.5600000000002,2404
22952,4241.95,8365
22953,193.63,152
22954,78.75,63
22955,1106.7600000000002,582
22956,1031.5700000000002,557
22957,1517.7,534
22959,845.42,2051
22960,17806.22,4440
22961,11247.15,8039
22962,1258.62,1578
22963,1196.93,1499
22964,1762.2400000000002,870
22965,1357.5200000000002,649
22966,4501.79,3774
22967,1076.7,378
22968,2856.7,318
22969,9978.25,6701
22970,7586.55,3405
22971,3986.12,1718
22972,1291.3099999999997,783
22973,816.1299999999999,497
22974,1094.9399999999998,662
22975,707.22,559
22976,613.59,487
22977,629.96,503
22978,6074.209999999999,1550
22979,3469.56,2266
22980,1552.1399999999999,958
22981,217.5,150
22982,694.55,554
22983,1226.07,3022
22984,481.9,1166
22985,860.0,2200
22986,850.5,2025
22987,31.5,75
22988,8736.470000000001,7690
22989,3469.1699999999996,1093
22990,1142.49,263
22991,3830.64,2088
22992,4517.79,2511
22993,9741.550000000001,8066
22994,522.72,1248
22995,609.9,1459
22996,1273.26,3107
22997,670.98,1601
22998,3624.08,9223
22999,883.5,2107
23000,684.24,1636
23002,435.78,1041
23003,207.29999999999998,497
23004,379.22,899
23005,1275.48,3174
23006,463.5,1107
23007,1608.05,99
23008,1471.3999999999999,92
23009,1042.6999999999998,66
23010,950.05,59
23012,1947.9900000000002,527
23013,1596.5900000000001,435
23014,1502.3300000000002,407
23015,132.0,16
23016,228.95,31
23017,196.3,17
23018,104.4,9
23019,150.60000000000002,20
23020,872.7,75
23021,161.85000000000002,39
23022,315.36,165
23023,141.89,85
23024,375.9000000000001,150
23025,411.69,193
23026,594.73,300
23027,316.16,152
23028,1062.54,638
23029,1287.6,792
23031,1327.1999999999998,816
23032,2058.1499999999996,1259
23033,603.35,431
23034,817.9499999999999,579
23035,1786.3899999999999,1279
23036,46.25,37
23037,176.68999999999997,109
23038,8.149999999999999,5
23039,148.5,78
23040,189.75,33
23041,498.00000000000006,120
23042,252.70000000000002,38
23043,187.5,30
23044,157.70000000000002,38
23045,195.05,47
23046,372.4,56
23047,115.0,20
23048,668.14,160
23049,2005.25,245
23050,1684.05,205
23051,1371.35,167
23052,2178.5,266
23053,997.15,123
23054,919.2,112
23055,740.5,466
23056,2118.44,752
23057,1011.34,538
23058,157.3,178
23060,189.28,91
23061,493.71,399
23064,2483.65,195
23065,1230.1,101
23066,789.3,98
23067,485.55,117
23068,1167.8000000000002,496
23069,312.5,50
23070,356.90000000000003,86
23071,388.0,224
23072,524.5,257
23073,1181.5,101
23074,352.5,177
23075,1279.75,313
23076,4091.86,3338
23077,5408.95,4475
23078,4319.36,3520
23079,1025.05,115
23080,5209.53,665
23081,2016.3899999999999,253
23082,4216.08,1192
23083,3448.36,947
23084,16235.25,8455
23085,1892.3,208
23086,569.76,480
23087,454.92,372
23088,497.18,400
23089,2569.02,1612
23090,940.93,1187
23091,1510.78,247
23092,2406.1600000000003,358
23093,1362.98,602
23094,762.5,61
23096,924.8299999999999,571
23099,406.7,64
23100,1393.59,1131
23101,807.3699999999999,995
23102,571.27,701
23103,3390.4499999999994,2081
23104,793.2,69
23106,404.57000000000005,143
23107,436.09000000000003,161
23108,7318.21,1216
23109,2943.42,1058
23110,1608.35,285
23111,2023.8,174
23112,1691.0,230
23113,5180.16,1028
23114,212.85000000000002,43
23115,302.85,67
23116,233.55,53
23117,222.75000000000003,45
23118,3279.82,477
23119,678.53,1150
23120,391.8,974
23121,485.09999999999997,1251
23122,1061.43,1461
23123,394.9,506
23124,321.4,284
23125,364.5,342
23126,2989.38,606
23127,2080.19,421
23128,1225.8300000000002,249
23129,1596.23,365
23130,1919.3200000000002,468
23131,1317.98,326
23132,3904.33,811
23133,3539.41,553
23134,6135.33,1029
23135,5160.3,1500
23136,275.8,76
23137,169.49,49
23138,877.1,646
23139,442.94,346
23140,467.64000000000004,114
23141,143.66,50
23142,908.85,94
23143,90.05000000000001,13
23144,2207.5,2774
23145,917.4099999999999,967
23146,1364.1100000000001,419
23147,1624.4999999999998,1122
23148,1016.4899999999999,1227
23149,146.91000000000003,59
23150,196.71,79
23151,41.300000000000004,20
23152,1278.51,349
23153,492.38,133
23154,2303.4500000000003,1129
23155,751.54,950
23156,1587.06,769
23157,1962.75,975
23158,2742.12,1341
23159,1956.0900000000001,962
23160,704.5,614
23161,879.3000000000001,774
23162,2438.38,688
23163,2143.01,941
23164,1203.56,257
23165,2538.7499999999995,1623
23166,79434.18000000001,76209
23167,2029.3899999999999,2745
23168,2358.29,2096
23169,2552.15,641
23170,6237.389999999999,4051
23171,6391.45,4209
23172,3554.8299999999995,2279
23173,16189.420000000002,1896
23174,7836.6900000000005,2025
23175,6090.75,2105
23176,1959.46,948
23177,2993.55,1475
23178,185.62,72
23179,167.25,57
23180,222.75,53
23181,848.25,105
23182,2001.7599999999998,2407
23183,311.96,77
23184,1988.65,399
23185,71.35,167
23186,168.49999999999997,502
23187,273.52,944
23188,2820.6099999999997,1697
23189,1765.16,644
23190,1275.59,791
23191,2127.4999999999995,1326
23192,2429.5199999999995,1516
23193,2438.4,1214
23194,1791.5,877
23196,1255.0,892
23197,949.14,650
23198,1808.79,1247
23199,19578.920000000002,10424
23200,9389.5,4920
23201,17534.8,9175
23202,15861.99,8203
23203,27366.56,14277
23204,2706.45,3337
23205,2085.52,2560
23206,11426.75,7255
23207,7666.81,4789
23208,7482.15,4683
23209,13533.96,8420
23210,1350.97,1109
23211,975.97,809
23212,1100.85,921
23213,566.17,461
23214,982.11,463
23215,4534.96,2345
23216,399.76,347
23217,1037.0,866
23218,199.56,159
23219,288.35,231
23220,433.29999999999995,518
23221,696.28,804
23222,288.98999999999995,273
23223,341.42999999999995,349
23224,280.21999999999997,290
23225,668.8599999999999,770
23226,956.09,781
23227,1423.31,1173
23228,1097.55,894
23229,3108.07,912
23230,1627.0,3950
23231,1506.5,3625
23232,1717.0,4250
23233,1213.5,2975
23234,2075.75,725
23235,863.1700000000001,321
23236,2365.35,835
23237,1997.0500000000002,487
23238,3518.65,871
23239,1610.0000000000002,412
23240,6927.85,1711
23241,1562.88,762
23242,1171.2,579
23243,16655.08,3498
23244,857.41,467
23245,13992.980000000001,3110
23247,2688.2000000000003,960
23249,713.6999999999999,450
23250,642.34,530
23251,942.1800000000001,786
23252,1005.4200000000001,274
23253,985.8499999999999,67
23254,1867.5000000000002,450
23255,838.2900000000001,201
23256,2448.73,595
23263,2516.9,1865
23264,1205.45,889
23265,1047.46,780
23266,1183.39,887
23267,607.34,502
23268,447.08,284
23269,252.29999999999998,174
23270,569.9,398
23271,566.5,718
23272,315.85999999999996,206
23273,667.5899999999999,403
23274,810.81,497
23275,2848.06,2394
23280,458.37,569
23281,243.37999999999997,298
23282,364.55,454
23283,4779.87,731
23284,28702.239999999998,4398
23285,3698.07,3827
23286,3726.78,3914
23287,638.89,781
23288,3645.1,3750
23289,602.5,482
23290,817.45,677
23291,633.64,474
23292,847.02,662
23293,2405.2599999999998,3058
23294,1156.1999999999998,1450
23295,1734.5,2182
23296,2568.44,2212
23297,2317.3999999999996,1484
23298,23424.600000000002,5072
23299,1741.42,472
23300,7577.19,4851
23301,8747.23,5423
23302,1414.1399999999999,1102
23303,79.94999999999999,41
23304,79.94999999999999,41
23305,105.3,54
23306,1486.49,1043
23307,3028.59,5993
23308,1649.91,3277
23309,2663.4,5676
23310,2161.5899999999997,5229
23311,2815.35,1121
23312,3541.9500000000003,877
23313,9040.52,1940
23314,2112.02,172
23315,896.55,93
23316,1240.55,133
23317,901.1999999999999,96
23318,4879.92,2190
23319,4806.780000000001,2130
23320,3373.98,1298
23321,3831.0399999999995,2440
23322,4140.6,1510
23323,1205.4,589
23324,502.08000000000004,252
23325,377.69999999999993,242
23326,1057.2,1800
23327,569.37,983
23328,3315.9,938
23329,1337.6999999999998,818
23330,1026.19,827
23331,530.97,855
23332,1275.7499999999998,779
23333,1249.9,1010
23334,906.3900000000001,1457
23335,431.36,218
23336,203.81,97
23337,199.68,96
23338,633.12,315
23339,149.76,72
23340,2503.5,1590
23341,756.5,89
23342,1479.0,174
23343,6357.34,3208
23344,11152.800000000001,5685
23345,602.5,482
23346,583.75,467
23347,401.25,321
23348,709.16,356
23349,1871.8799999999999,1560
23350,1584.6399999999999,1304
23351,2035.27,1727
23352,984.76,812
23353,1350.4099999999999,1627
23354,1285.1499999999999,1577
23355,15660.900000000001,3478
23356,8844.5,1610
23357,1071.8000000000002,256
23358,974.9,294
23359,1213.5,650
23360,1109.3999999999999,580
23365,262.8,408
23366,426.40000000000003,656
23367,700.9000000000001,1082
23368,424.0,656
23369,388.18,330
23370,859.4300000000001,707
23371,610.0,488
23372,422.5,338
23373,803.78,1029
23374,1204.44,1542
23375,633.54,797
23376,577.38,1558
23377,197.73,507
23378,771.78,2134
23379,108.41999999999999,278
23380,436.2,1196
23381,346.5,966
23382,3761.58,1034
23388,518.75,125
23389,1282.3500000000001,309
23390,817.5500000000001,197
23391,394.25000000000006,95
23392,139.36,67
23393,1263.75,337
23394,720.0,192
23395,1104.48,296
23396,965.73,259
23397,1913.1,210
23398,213.63,255
23399,890.2299999999999,1051
23400,1759.86,370
23401,1693.0100000000002,369
23402,622.9200000000001,172
23403,1489.06,464
23404,2569.13,658
23405,573.6500000000001,123
23406,1704.7900000000002,363
23407,1143.1699999999998,119
23408,353.6,170
23409,340.47,93
23410,118.95,15
23411,580.95,129
23412,1744.1399999999999,281
23413,490.95000000000005,105
23414,728.7299999999999,75
23415,236.30999999999997,173
23416,123.50999999999998,97
23417,96.83999999999999,90
23418,405.6,195
23419,376.48,181
23420,193.44,93
23421,178.88,86
23422,166.4,80
23423,322.5,86
23424,876.75,181
23425,174.01000000000002,89
23426,2556.76,1012
23427,762.3,63
23428,363.90000000000003,46
23429,154.85000000000002,19
23430,105.95,13
23431,700.62,930
23432,387.01,479
23433,369.04999999999995,451
23434,875.5,958
23435,338.27,389
23436,1339.55,1159
23437,1308.5,1114
23438,1386.0,1176
23439,5012.700000000001,2467
23442,20.8,10
23444,450.0,30
23445,587.64,708
23446,1.65,1
23447,1.65,1
23448,1.65,1
23449,15.0,12
23451,390.29999999999995,202
23452,649.65,335
23453,436.34999999999997,225
23454,253.15,61
23455,346.85,125
23456,450.40000000000003,112
23457,276.75,57
23458,269.09999999999997,18
23459,175.0,14
23460,619.03,69
23461,2344.15,693
23462,963.4499999999999,51
23463,19.9,2
23465,41.25,5
23466,150.75,19
23467,19.740000000000002,6
23468,57.75,7
23469,442.03000000000003,109
23470,535.61,89
23471,235.14999999999998,25
23472,269.35,19
23473,161.85,195
23474,83.82999999999998,101
23475,88.80999999999999,107
23476,105.0,84
23477,60.0,48
23478,90.0,72
23479,410.15,55
23480,1778.97,495
23481,183.71,151
23482,307.04999999999995,189
23483,939.24,828
23484,304.48,112
23485,3787.0,175
23486,3109.2000000000003,220
23487,375.9,40
23489,1211.94,426
23490,656.25,175
23491,866.25,105
23492,379.5,46
23493,3460.2,1836
23494,1704.5,290
23495,98.75,79
23496,60.0,48
23497,2488.85,1801
23498,1830.2999999999997,1322
23499,338.1,805
23500,858.3,690
23501,1118.05,965
23502,411.23,331
23503,2325.21,1881
23504,1188.73,953
23505,725.5,614
23506,493.56,1178
23507,729.9,1855
23508,467.1,1115
23509,280.62,671
23510,512.28,1334
23511,281.14,136
23512,145.94,71
23513,174.72,84
23514,235.38,114
23515,222.9,108
23516,228.75,61
23517,176.78,62
23518,167.62,58
23519,123.75,33
23520,165.0,44
23521,520.21,343
23522,575.23,307
23523,802.2600000000001,258
23524,1092.8100000000002,366
23525,1451.22,474
23526,2747.17,595
23527,1064.55,321
23528,1253.88,428
23529,1866.0600000000002,606
23530,3562.65,897
23531,4742.51,877
23532,747.57,183
23533,603.09,147
23534,3807.58,760
23535,3848.01,759
23536,1604.23,313
23537,308.1,70
23538,1179.87,307
23539,921.46,202
23540,832.39,137
23541,5018.14,686
23542,2909.13,417
23543,6002.97,1115
23544,970.5799999999999,158
23545,441.0,1050
23546,766.5,1825
23547,367.5,875
23548,283.5,675
23549,357.0,850
23550,430.5,1025
23551,328.38,842
23552,2793.92,1459
23553,5669.85,511
23554,4243.15,380
23555,4205.65,377
23556,4387.05,393
23557,3667.85,331
23558,4204.2,378
23559,277.28000000000003,140
23560,208.08,72
23561,190.74,66
23562,338.13,117
23564,364.76,316
23565,206.25,165
23566,550.77,489
23567,150.0,120
23568,607.02,534
23569,1692.9,342
23570,1232.5,986
23571,1756.4999999999998,1082
23574,22.5,3
23575,109.19999999999999,56
23576,209.85,115
23578,54.599999999999994,28
23579,188.39999999999998,104
23580,138.45,71
23581,6342.8,3280
23582,7276.860000000001,3842
23583,3143.55,1967
23597,327.90000000000003,122
23598,758.6000000000001,268
23660,250.79999999999995,152
23661,186.45,113
23681,1519.05,957
23691,387.0,950
23692,10.5,25
23694,81.36,204
23695,148.02,373
23697,91.44,228
23702,21.0,1
23843,168469.6,80995
35001G,311.56,98
35001W,36.43000000000001,13
35004B,1865.7500000000002,399
35004C,1708.25,361
35004G,232.4,92
35004P,5.45,1
35095A,245.51999999999998,696
35095B,200.57999999999998,589
35241,126.65,27
35265,5.85,3
35400,53.699999999999996,6
35443,0.85,1
35471D,227.95999999999998,520
35591T,1.25,1
35598A,8.850000000000001,3
35598B,285.1,428
35598C,2.95,1
35598D,226.57000000000002,343
35599B,91.77,37
35599D,190.08,72
35607B,4.750000000000001,25
35637A,212.95,101
35637C,19.5,10
35638B,93.6,48
35646,267.63,192
35647,1.25,1
35648,418.15,413
35649,48.47,15
35650,4.95,1
35651,240.29999999999998,138
35653,85.55000000000001,29
35809A,147.94,166
35809B,7.08,7
35810A,211.11999999999998,236
35810B,41.55,47
35815P,29.64,78
35816P,18.240000000000002,48
35817P,4.5600000000000005,12
35818B,2.66,7
35818P,17.86,47
35819B,37.24,98
35819P,5.32,14
35833P,12.5,10
35909A,2.95,1
35909B,23.6,8
35910A,23.4,12
35910B,11.7,6
35911A,47.35,47
35911B,29.400000000000002,14
35912B,87.5,70
35913B,9.35,11
35914,73.75,50
35915B,82.49999999999999,50
35915C,49.49999999999999,30
35916C,10.2,12
35920,62.5,50
35921,43.75,35
35922,59.4,12
35923,259.41,571
35924,1022.8199999999999,596
35933,27.740000000000002,73
35953,468.57,1175
35954,118.94,511
35957,69.24000000000001,270
35958,3.4,4
35961,612.8499999999999,721
35964,75.57000000000001,185
35965,50.67,45
35966,5.7,15
35967,63.84,168
35968,34.900000000000006,98
35970,3312.56,1992
35971,368.39,314
35972,38.75,31
37327,347.13,859
37330,2.34,6
37333,43.5,10
37340,378.96999999999997,967
37342,675.3100000000001,853
37343,69.89999999999999,50
37370,1639.3200000000002,1468
37379A,7.5,6
37413,218.57999999999998,534
37423,5.1,6
37444A,24.110000000000003,29
37444B,11.8,4
37444C,6.46,10
37446,1078.8,808
37447,398.23,275
37448,873.64,596
37449,2024.1299999999999,227
37450,1027.75,385
37461,1.25,1
37462E,1.03,3
37464,2.5,2
37467,17.72,36
37468,20.67,53
37475,109.44999999999999,11
37476,70.84,8
37479B,18.72,48
37479P,26.52,68
37482P,164.19,421
37487B,17.4,60
37488A,10.14,26
37489A,2.34,6
37489B,2.34,6
37489C,2.34,6
37489D,2.34,6
37491B,6.6,4
37491C,13.2,8
37491D,3.3,2
37495,337.5,90
37500,696.63,105
37501,159.85,23
40001,388.40999999999997,537
40003,112.44999999999999,113
40016,1365.44,4321
40046A,30.0,24
44089A,2.52,6
44089C,5.04,12
44091A,3.78,9
44092B,1.7,2
44092C,5.949999999999999,7
44228,20.4,24
44234,108.02999999999999,583
44235,188.28,510
44236,33.970000000000006,43
44242A,9.48,12
44242B,15.8,20
46000M,962.5500000000001,621
46000P,42.5,10
46000R,89.9,62
46000S,729.35,503
46000U,75.0,60
46115B,2.2800000000000002,12
46118,139.4,164
46126A,45.0,36
46138B,29.05,29
46775D,203.39999999999998,12
46776A,49.5,10
46776B,44.55,9
46776C,19.8,4
46776D,49.5,10
46776E,49.5,10
46776F,54.45,11
47013A,1.7399999999999998,6
47013C,2.52,21
47016,4.2,2
47021G,151.76999999999998,323
47310M,250.48,204
47341B,12.5,10
47343A,92.88,96
47344B,25.799999999999997,24
47348A,7.8,16
47351B,187.3,70
47367B,7.5,2
47369A,14.75,5
47369B,11.690000000000001,3
47420,4.37,23
47421,312.36,802
47422,176.46,451
47469,24.700000000000003,38
47471,137.83,245
47480,889.93,569
47481,138.72,192
47503A,697.12,1475
47503H,23.6,24
47504H,493.8,516
47504K,946.51,1025
47518F,86.16,598
47556B,6045.0,2600
47559B,1482.42,1249
47563A,183.75,147
47566,47704.93,10733
47566B,7801.8,1730
47567B,1849.3700000000001,339
47570B,1355.13,153
47574A,216.75,275
47574B,4.25,1
47578A,56.95,67
47580,528.01,216
47585A,131.25,35
47586A,20.4,8
47589,70.85000000000001,13
47590A,5324.02,1040
47590B,6559.55,1299
47591B,44.55,27
47591D,3092.91,1675
47593A,9.17,25
47593B,258.66999999999996,625
47594A,25.349999999999998,13
47594B,27.3,14
47599A,2880.52,1588
47599B,1860.64,1018
48111,5221.1,910
48116,7148.27,1300
48129,3397.31,575
48138,16477.29,2673
48173C,8638.4,1637
48184,9889.85,1505
48185,19059.34,3156
48187,17947.15,3063
48188,9202.4,1722
48194,15757.51,2729
51008,562.35,163
51014A,805.3399999999999,1496
51014C,475.95,925
51014L,304.22999999999996,577
51020A,79.35,267
51020B,51.599999999999994,168
62018,3656.8,2856
62043B,5.81,7
62074B,1.68,4
62086A,78.0,40
62094B,2.55,1
62096A,117.5,94
62096B,2.5,2
70006,1179.86,2088
70007,274.82,410
71038,863.45,169
71050,5.949999999999999,17
71053,3909.19,1091
71101E,85.28,104
71270,104.96,83
71279,303.1,106
71403,70.80000000000001,24
71406C,32.34,77
71459,7191.51,9387
71477,16028.33,5421
71495A,17.28,48
71495B,36.24,100
71496A,25.44,48
71496B,2.6,4
71510,22.92,36
72024U,5.04,24
72051S,0.84,2
72122,102.6,108
72127,105.6,86
72128,57.04,76
72130,73.91000000000001,127
72131,37.05,19
72132,35.1,18
72133,8.75,7
72134,15.12,36
72140E,10.2,12
72225C,68.16,288
72232,391.78000000000003,2062
72349B,778.74,413
72351A,1777.8600000000001,945
72351B,2942.54,1623
72369A,7.5,6
72586,130.62,311
72598,204.29999999999998,270
72709,36.55,43
72741,4730.65,3625
72760B,2118.49,227
72780,49.3,58
72798C,6.6,4
72799C,50.040000000000006,36
72799E,266.63000000000005,209
72799F,132.0,48
72800B,127.89,75
72800C,76.89,55
72800D,137.7,54
72800E,455.1,214
72801C,63.75,51
72801D,38.75,31
72801G,56.25,45
72802A,764.76,192
72802B,836.36,610
72802C,1188.55,845
72803A,344.25,441
72807A,688.03,171
72807B,780.5,194
72807C,1242.27,307
72811,55.33,41
72812,24.779999999999998,6
72816,620.8100000000001,617
72817,458.44,462
72818,502.13,1205
72819,124.6,56
72821,6.6,4
75011,111.11,137
75013B,9.899999999999999,6
75049L,4467.849999999999,5141
75131,25.14,18
75172,13.43,17
75178,182.69,433
77101A,409.47,375
78033,113.9,26
78034B,11.7,6
78124,1.25,1
79000,1833.1000000000001,2614
79026B,10.61,25
79030D,156.06,342
79030G,427.74,974
79051A,110.19999999999999,380
79062D,11.280000000000001,24
79063C,34.15,185
79063D,25.6,140
79066K,419.22999999999996,505
79067,292.5,78
79071B,26.55,9
79144B,21.119999999999997,56
79144C,18.599999999999998,50
79149B,2.0999999999999996,5
79151B,0.42,1
79160,691.74,395
79161A,2.95,1
79163,389.21999999999997,998
79164,278.28000000000003,636
79190A,86.1,205
79190B,166.98000000000002,469
79190D,66.36,158
79191B,42.5,50
79191C,366.51,543
79191D,3.4,4
79192A,2.5,2
79302M,649.1,242
79321,39966.71,8398
79329,2.2800000000000002,6
79331,4.5600000000000005,12
79336,2.2800000000000002,6
79337,75.24000000000001,198
79403,24.650000000000002,29
79406,10.56,48
81950B,26.099999999999998,90
81950V,4.909999999999999,15
81952B,6.08,32
81952V,26.03,137
81953B,0.95,5
81953P,5.32,28
82001S,4494.28,1300
82011A,48.75,13
82011B,113.1,34
82011C,130.8,40
82095,15.3,2
82482,15447.6,6557
82483,10999.07,1777
82484,29353.26,5229
82486,12582.73,1507
82494L,12518.220000000001,4511
82551,3519.22,2301
82552,3479.27,2244
82567,734.21,365
82578,697.51,1245
82580,1884.5500000000002,3385
82581,1317.93,2455
82582,6832.320000000001,3471
82583,10467.36,5232
82599,597.7800000000001,287
82600,9709.380000000001,4673
82605,27.300000000000004,13
82613A,51.25,41
82613B,119.85,149
82613C,94.85,129
82613D,100.75,147
82615,91.8,36
82616B,184.18,126
82616C,161.77,98
84006,475.99999999999994,560
84012,357.84999999999997,341
84029E,9903.2,2818
84029G,7124.67,1919
84030E,3579.66,894
84031A,267.93,81
84031B,186.64000000000001,48
84032A,508.69,231
84032B,753.96,410
84033,31.349999999999998,19
84050,3307.13,2437
84051,49.3,58
84077,9143.359999999999,38618
84078A,8448.300000000001,234
84086B,29.5,10
84086C,41.300000000000004,14
84192,31.25,25
84199,9.45,45
84206A,2.2800000000000002,12
84212,3104.15,6559
84218,54.599999999999994,28
84226,8.5,10
84227,0.42,1
84228,12.18,29
84231,53.95,83
84247E,82.60000000000001,28
84247G,105.84,252
84247K,5.9,2
84247L,10.08,24
84247N,14.75,5
84249A,38.6,88
84251B,9.120000000000001,48
84251C,2.2800000000000002,12
84251G,9.120000000000001,48
84279B,198.75,53
84279P,356.25,95
84306,10.95,1
84313B,145.14999999999998,65
84313C,823.25,421
84341B,149.28,378
84347,13569.52,6287
84352,355.95,21
84356,664.6,168
84358,247.94,28
84360,137.6,24
84375,3710.07,1757
84378,4196.8,3279
84380,3197.04,2499
84387A,21.45,11
84388,5.550000000000001,11
84402B,38.71,49
84406B,3692.58,1016
84415A,7.5,6
84415B,7.5,2
84422,200.07000000000002,513
84429A,23.6,8
84452,31.45,37
84457,47.599999999999994,56
84459A,245.16,180
84459B,286.08,192
84461,33.15,13
84462,8.75,7
84465,11.8,4
84466,18.75,15
84499,5.1,6
84507B,43.349999999999994,17
84507C,104.55,41
84508A,3288.6000000000004,1560
84508B,73.94999999999999,29
84508C,81.6,32
84509A,980.99,273
84509B,213.75,57
84509C,115.80000000000001,36
84509E,67.5,50
84509G,527.5,346
84510A,667.09,545
84510C,54.92,42
84510E,6.25,5
84519A,449.99,247
84519B,239.54,188
84520B,183.84,240
84522,11.7,6
84527,62.99999999999999,36
84531A,43.68,76
84531B,43.68,80
84534B,24.65,29
84535A,161.7,362
84535B,270.23,412
84536A,685.42,1630
84536B,169.62,398
84539,26.4,16
84548,1.65,1
84549,34.8,24
84551,1.65,1
84558A,321.55,109
84559A,168.23,197
84559B,102.0,120
84562A,7.95,1
84563A,133.0,40
84563B,153.5,50
84568,1422.72,7872
84569A,107.46,85
84569B,12.5,10
84569C,1.25,1
84569D,124.92,98
84575A,31.4,12
84576,78.0,40
84580,431.3,114
84581,199.51,53
84584,40.8,16
84592,82.60000000000001,28
84595E,64.79999999999998,38
84596B,1376.95,2928
84596E,193.71,310
84596F,1024.35,2085
84596G,590.75,1245
84596J,174.29999999999998,415
84596L,318.76,755
84597B,45.0,36
84597C,35.0,28
84598,141.12,672
84600,184.75,25
84609,482.0,62
84613A,9.3,2
84616,59.9,2
84625A,204.7,226
84625C,213.29999999999998,246
84629,54.45,11
84631,39.75,5
84632,119.9,2
84637,41.650000000000006,7
84638,48.65,7
84658,106.93,15
84659A,212.31,94
84660A,582.5500000000001,652
84660B,527.5,546
84660C,426.81000000000006,455
84661A,21.049999999999997,8
84661B,20.63,5
84661C,16.09,7
84663A,207.24,184
84665,267.75,45
84666,94.80000000000001,24
84673A,20.150000000000002,31
84673B,82.36,86
84674,242.90000000000003,110
84675,26.55,9
84678,90.6,60
84683,37.45,53
84685,41.25,11
84686,16.89,17
84687,138.70000000000002,26
84688,29.75,7
84691,174.5,242
84692,1887.09,4609
84705C,15.0,12
84706F,17.700000000000003,6
84707A,216.99,21
84707B,53.71,6
84708B,118.15,25
84709B,53.55,9
84711A,9.95,1
84712B,28.62,4
84715,35.400000000000006,12
84723,82.05,39
84725,19.65,25
84731,2.04,2
84732B,0.78,2
84732D,0.78,2
84741C,46.8,24
84743C,1.25,1
84744,37.5,30
84745A,5.04,12
84745B,5.04,12
84746,11.25,3
84748,37.5,10
84750A,46.8,24
84750B,49.14,54
84751B,25.66,10
84754,397.71000000000004,351
84755,6362.26,10434
84760S,23.2,16
84763,243.75,195
84766,270.09999999999997,118
84773,8.850000000000001,3
84789,419.55,133
84792,2092.61,469
84795B,818.5500000000001,109
84796A,63.75,5
84796B,572.6999999999999,50
84798A,10.2,4
84799,87.66,102
84800L,283.36,158
84800M,137.07,99
84800S,74.41,65
84801A,33.6,16
84801B,8.4,4
84802B,6.76,4
84803B,16.9,10
84804A,23.6,8
84804B,35.400000000000006,12
84805A,15.0,12
84805B,7.5,2
84806A,29.659999999999997,38
84806B,190.5,138
84809A,29.400000000000002,14
84809B,37.800000000000004,18
84813,505.47,75
84816,199.75,5
84817,315.18,555
84818,834.65,839
84819,504.84000000000003,494
84820,240.24,168
84821,257.69,629
84823,572.4,72
84824,15.95,1
84826,134.05,385
84827,70.45,245
84828,571.9,443
84832,923.8199999999999,1074
84836,3185.76,2553
84840,8.5,1
84842,37.5,10
84843,506.95000000000005,97
84846A,84.0,40
84847,52.5,14
84849A,79.43,47
84849B,245.05,145
84849D,316.03,187
84854,24.75,5
84857B,46.8,24
84857C,57.95,23
84858C,232.2,182
84859A,121.36,60
84859B,47.03,23
84859C,98.39,43
84865,65.75,11
84870B,11.25,3
84870C,11.25,3
84872A,50.849999999999994,3
84873A,16.95,1
84874B,4.949999999999999,3
84875B,35.0,28
84875D,30.0,24
84876B,72.5,58
84876D,75.0,60
84877A,15.0,12
84877B,32.5,26
84877D,8.75,7
84879,36791.84,23312
84880,1274.8500000000001,211
84881,25.4,4
84882,75.0,20
84884A,760.91,201
84898F,60.900000000000006,29
84905,59.400000000000006,12
84906,59.3,14
84907,15.3,2
84912A,247.5,66
84912B,341.25,91
84913A,37.2,8
84913B,74.4,16
84915,120.05,77
84916,108.05,59
84917,277.9,102
84919,83.4,12
84920,67.5,18
84921,26.25,7
84922,21.25,5
84924A,112.38,27
84924F,2.37,3
84925D,25.5,10
84925F,72.4,56
84926A,52.669999999999995,175
84926D,119.53999999999999,307
84926E,165.38,480
84926F,111.38,233
84927A,32.61,31
84927D,16.29,33
84927E,20.94,23
84927F,55.71,99
84929,268.5,1038
84931A,84.14999999999999,33
84931B,86.69999999999999,34
84944,516.0999999999999,286
84945,5264.78,6656
84946,11682.11,10066
84947,3929.3,3461
84949,4888.349999999999,3207
84950,1501.3700000000001,2593
84951A,168.26,179
84951B,157.47,167
84952A,74.96,19
84952B,209.96,135
84952C,161.25,123
84968A,836.55,69
84968B,12.75,1
84968C,331.5,26
84968D,241.17000000000002,17
84968E,279.96,21
84968F,293.25,23
84969,549.74,126
84970L,3662.1499999999996,3643
84970S,4671.36,5823
84971S,820.64,1000
84974,99.5,10
84975,5.07,3
84976,174.59,211
84978,7716.120000000001,6738
84984A,32.550000000000004,7
84984B,32.550000000000004,7
84985A,37.699999999999996,26
84987,1428.53,1001
84988,2456.08,1726
84989A,6.6000000000000005,12
84990,0.55,1
84991,4960.18,10340
84992,3787.9,8066
84993A,65.94,157
84993B,7.56,18
84997A,5301.8,1406
84997B,9122.140000000001,2454
84997C,4946.83,1285
84997D,6679.490000000001,1729
85006,42.4,40
85008,24.75,5
85014A,2913.3900000000003,504
85014B,5443.070000000001,974
85015,471.82000000000005,656
85016,230.55,267
85017A,5.1,6
85017B,124.27,222
85017C,14.34,28
85018D,25.5,10
85019A,319.0,248
85019B,332.5,266
85019C,158.5,122
85020,94.5,45
85023B,163.95000000000002,77
85024B,217.04999999999998,149
85024C,6.6,4
85025B,304.49999999999994,202
85025C,303.09999999999997,202
85027L,98.1,38
85028L,17.55,9
85028S,17.55,9
85030,7.8,4
85031A,14.850000000000001,3
85032A,139.35000000000002,201
85032B,148.60000000000002,213
85032C,94.25,145
85032D,118.05000000000001,166
85034A,450.29,261
85034B,543.6899999999999,337
85034C,673.39,439
85035A,265.29,101
85035B,601.5,462
85035C,878.95,663
85036A,149.54,66
85036B,308.58,240
85036C,598.6700000000001,505
85038,1344.46,700
85039A,173.14999999999998,177
85039B,335.10999999999996,275
85039C,101.53,169
85040A,501.43999999999994,288
85040B,140.25,85
85045,44.55,9
85047,12.7,2
85048,4318.400000000001,592
85049A,1761.13,1364
85049B,55.0,44
85049C,622.46,497
85049D,310.0,248
85049E,1868.09,1418
85049F,251.25,201
85049G,958.69,784
85049H,229.22,215
85053,1514.0800000000002,773
85054,726.86,324
85055,33.75,9
85059,384.96,155
85061W,714.88,862
85062,1374.12,841
85064,860.5999999999999,204
85066,15072.619999999999,1271
85067,37.9,2
85071A,181.31,373
85071B,248.77,555
85071C,132.13,244
85071D,141.54,230
85078,150.19,613
85084,5.95,7
85086A,15.299999999999999,18
85087,60.36000000000001,20
85088,136.15,60
85092,10.05,3
85093,92.78999999999999,185
85094,48.82,190
85095,79.51,41
85096,26.25,7
85099B,64944.520000000004,35534
85099C,18119.28,9905
85099F,25444.420000000002,14086
85103,233.65,39
85104,443.47999999999996,176
85106,874.71,513
85107,160.41,71
85111,123.53999999999999,426
85114A,593.85,389
85114B,358.79999999999995,232
85114C,528.75,335
85116,534.6,549
85118,102.5,82
85123A,74049.7,27234
85124B,135.14999999999998,53
85124C,152.99999999999997,60
85125,485.65000000000003,109
85127,202.95000000000002,41
85129B,65.36,54
85129C,34.88,25
85129D,168.88,108
85130A,36.3,22
85130B,442.77,485
85130C,204.73000000000002,245
85130D,298.94,312
85131A,250.92000000000002,300
85131B,112.88,136
85131C,41.21,43
85131D,90.59,97
85132A,672.0,320
85132B,821.15,417
85132C,1741.75,885
85135A,95.4,12
85135B,182.85000000000002,23
85135C,206.70000000000002,26
85136A,174.9,22
85136B,7.95,1
85136C,119.25,15
85141,301.95000000000005,73
85144,384.5,170
85145,102.7,26
85146,48.85,23
85150,6822.18,3146
85152,12529.210000000001,6685
85159A,426.2,244
85159B,608.1999999999999,348
85160B,33.239999999999995,72
85161,145.6,8
85163A,247.95000000000002,37
85163B,269.85,39
85167B,12.75,3
85168B,109.86999999999999,13
85169A,266.48,270
85169B,83.91,99
85169C,332.39,303
85169D,128.9,130
85170B,162.3,163
85170C,179.93,149
85170D,349.01,263
85172,282.24,672
85173,231.19,178
85174,1249.47,293
85175,1507.46,3857
85176,355.23999999999995,406
85177,293.76,414
85178,897.6899999999999,745
85179A,83.46000000000001,46
85179C,36.25,29
85180A,569.84,296
85180B,224.4,136
85183A,488.25,403
85183B,654.5,534
85184C,1446.8300000000002,987
85185B,570.8000000000001,200
85185D,32.45,11
85186A,95.34,227
85186C,89.46,213
85187,230.99999999999997,140
85188A,135.14999999999998,159
85188B,36.55,43
85189,2.55,3
85194L,259.25,305
85194S,194.93,411
85195,4.2,2
85197,46.2,22
85198,15.36,24
85199L,301.97,469
85199S,443.75,1038
85200,80.0,64
85202,67.62,161
85203,143.04,344
85204,139.92,1003
85205B,155.54999999999998,61
85206A,512.25,317
85206B,19.799999999999997,12
85208,258.84000000000003,142
85211,53.65,47
85212,389.22999999999996,1415
85213,201.97,625
85214,112.19999999999999,68
85215,24.050000000000004,37
85216,27.300000000000004,42
85227,476.08,550
85230A,168.48,720
85230B,225.02999999999997,915
85230E,211.76999999999998,909
85230F,55.53999999999999,218
85230G,194.39999999999998,816
85231B,362.65999999999997,434
85231G,289.54999999999995,359
85232A,128.70000000000002,26
85232B,69.3,14
85232D,158.4,32
90000A,23.8,4
90000D,5.95,1
90002D,11.25,3
90003B,3.75,1
90003C,18.75,5
90003D,33.75,9
90003E,15.0,4
90010A,17.9,2
90010E,26.849999999999998,3
90011A,2.95,1
90011B,17.700000000000003,6
90013C,7.5,2
90014A,39.8,4
90014B,39.8,4
90014C,19.9,2
90016A,72.25,13
90016B,42.5,5
90018A,34.0,8
90018C,8.5,2
90019A,19.8,4
90019B,4.95,1
90019C,9.9,2
90022,7.5,2
90023,29.75,7
90026D,8.5,1
90030A,12.0,12
90030B,59.8,40
90030C,15.0,15
90031,12.0,12
90032,84.42,18
90033,5.1,2
90036A,23.85,3
90036B,7.95,1
90036C,47.7,6
90036D,55.650000000000006,7
90036E,23.85,3
90036F,31.8,4
90038A,22.5,6
90039D,7.5,2
90043,24.810000000000002,4
90046,14.850000000000001,3
90048,14.850000000000001,3
90049,34.77,5
90057,990.0,792
90058A,27.36,72
90058B,68.4,180
90059B,1.65,1
90059C,1.65,1
90059E,1.65,1
90059F,4.949999999999999,3
90060D,5.95,1
90062,204.0,16
90063A,17.0,2
90063B,17.0,2
90065A,27.0,4
90065B,6.75,1
90067A,8.850000000000001,3
90069,15.0,2
90072,15.0,4
90073,34.650000000000006,7
90078,15.0,2
90081A,59.400000000000006,12
90081C,49.50000000000001,10
90082A,69.85,11
90082B,101.6,16
90082D,12.7,2
90083,11.41,7
90084,0.85,1
90085,20.4,24
90086,40.809999999999995,37
90087,14.34,30
90089,0.19,1
90093,14.309999999999999,15
90094,7.6499999999999995,3
90096,7.6499999999999995,3
90098,5.1,2
90099,17.849999999999998,7
90100,2.55,1
90101,5.1,2
90103,5.1,2
90108,42.0,40
90114,2.55,1
90116,20.28,12
90119,143.22,58
90120C,51.0,12
90120D,4.25,1
90122A,29.700000000000003,6
90122C,74.25,15
90123A,23.8,4
90123B,29.75,5
90123C,29.75,5
90123D,5.95,1
90124A,29.849999999999998,3
90124B,9.95,1
90124C,69.64999999999999,7
90125A,81.6,96
90125B,12.600000000000001,6
90125C,61.199999999999996,72
90125D,61.199999999999996,72
90129A,20.650000000000002,7
90129B,17.700000000000003,6
90129C,17.700000000000003,6
90129F,8.850000000000001,3
90130A,2.95,1
90130B,5.9,2
90131,27.8,4
90133,14.850000000000001,3
90142D,14.850000000000001,3
90143,37.5,5
90144,11.25,3
90145,89.25,15
90146,63.75,13
90147,109.44999999999999,11
90148,38.25,3
90149,335.28000000000003,52
90151,25.5,3
90152A,17.85,3
90152C,5.95,1
90154,403.84999999999997,55
90155,37.5,5
90156,9.9,2
90158,24.75,5
90159,4.95,1
90160A,69.5,10
90160B,76.45,11
90160C,104.25,15
90160D,34.75,5
90161A,14.850000000000001,3
90161B,64.35000000000001,13
90161C,69.30000000000001,14
90161D,39.6,8
90162B,38.35,13
90162C,38.35000000000001,13
90162D,26.550000000000004,9
90164A,38.4,14
90164B,23.4,12
90165B,2.55,1
90166,24.900000000000002,6
90167,8.5,10
90170,31.349999999999994,19
90173,30.0,8
90175A,8.95,1
90176A,15.0,2
90176B,15.0,2
90176D,30.0,4
90177B,2.95,1
90177D,8.850000000000001,3
90178A,11.95,1
90179A,11.9,2
90180A,57.5,10
90180B,19.9,2
90181A,8.95,1
90183A,20.650000000000002,7
90184A,8.95,1
90184B,53.699999999999996,6
90184C,26.849999999999998,3
90185A,38.25,9
90185C,25.5,6
90185D,63.75,15
90186A,5.9,2
90186B,5.9,2
90188,2.55,1
90189A,7.5,1
90190C,8.850000000000001,3
90191,35.400000000000006,12
90192,79.2,16
90194,21.25,5
90195A,29.799999999999997,4
90195B,2.95,1
90196A,25.5,2
90196B,38.25,3
90197B,14.850000000000001,3
90198A,72.25,17
90198B,29.75,7
90199A,38.099999999999994,6
90199B,12.7,2
90199C,12.7,2
90200A,59.5,14
90200B,170.0,40
90200C,68.0,16
90200D,182.75,43
90200E,131.75,31
90201A,32.45,11
90201B,38.35000000000001,13
90201C,50.150000000000006,17
90201D,29.500000000000004,10
90204,20.1,6
90205A,6.6,4
90206A,14.850000000000001,3
90206C,44.550000000000004,9
90208,5.1,2
90209A,151.2,78
90209B,163.8,92
90209C,384.3,217
90210A,30.0,24
90210B,35.0,32
90210C,100.0,82
90210D,125.0,104
90211A,17.85,3
90211B,11.9,2
90212B,11.25,3
90212C,22.5,6
90214A,52.23,51
90214B,1.25,1
90214C,36.269999999999996,39
90214D,22.23,27
90214E,23.48,28
90214G,11.25,9
90214H,11.54,10
90214I,15.0,12
90214J,13.75,11
90214K,31.27,35
90214L,22.23,27
90214M,18.75,15
90214N,6.54,6
90214P,7.2299999999999995,15
90214R,2.79,3
90214S,22.23,27
90214V,2.5,2
90214Y,1.25,1
BANK CHARGES,60.0,4
C2,350.0,7
DOT,11906.36,16
M,17645.8,6225
PADS,0.001,1
POST,8438.2,20
